Date,Gold,Inflation,Exchnage_rate,Petrochemical,Oil,dominant_score
2021-03-01,17.433332,0.004,3.75,69.900002,28.429752,0
2021-03-02,17.5,-0.004,3.746846,69.699997,28.471073,1
2021-03-03,17.299999,-0.0058,3.746639,69.5,28.471073,1
2021-03-04,17.233334,-0.013300000000000001,3.747313,69.900002,28.925619,1
2021-03-07,17.066666,0.0076,3.747313,69.400002,29.214876,1
2021-03-08,17.233334,-0.0018,3.7513,68.199997,29.586777,0
2021-03-09,17.1,0.0076,3.7486,68.400002,29.66942,0
2021-03-10,17.133333,0.0116,3.747454,68.800003,29.504131,1
2021-03-11,17.433332,-0.0115,3.746363,69.099998,29.586777,0
2021-03-14,17.5,0.008100000000000001,3.746363,69.0,29.586777,1
2021-03-15,17.299999,-0.0115,3.7501,70.0,29.545454,0
2021-03-16,17.1,-0.0058,3.746798,69.400002,29.545454,1
2021-03-17,17.066666,0.0034999999999999996,3.746155,69.300003,29.462809,0
2021-03-18,17.166666,0.0058,3.745772,68.699997,29.29752,1
2021-03-21,17.133333,0.0174,3.745772,66.300003,28.966942,1
2021-03-22,17.5,0.0023,3.7504,66.400002,29.256199,1
2021-03-23,17.4,-0.008,3.746319,66.599998,29.173553,1
2021-03-24,17.433332,-0.0034000000000000002,3.746143,67.199997,28.925619,1
2021-03-25,17.366667,0.0034999999999999996,3.745836,67.599998,28.925619,1
2021-03-28,17.566666,0.0425,3.745836,67.199997,28.677685,1
2021-03-29,18.233334,0.0363,3.7499,70.0,28.636362,1
2021-03-30,18.766666,-0.0069,3.746298,70.099998,29.049585,1
2021-03-31,18.966665,0.016,3.74606,69.699997,29.752066,1
2021-04-01,18.866667,-0.0089,3.746252,69.300003,29.545454,1
2021-04-04,18.799999,0.0127,3.746252,69.300003,29.29752,1
2021-04-05,19.200001,0.0189,3.75,69.199997,29.29752,1
2021-04-06,19.433332,-0.022099999999999998,3.747285,69.0,29.338842,0
2021-04-07,19.0,0.0174,3.746262,70.199997,29.29752,0
2021-04-08,19.333332,-0.013500000000000002,3.74622,69.900002,29.29752,1
2021-04-11,19.066666,-0.0037,3.74622,70.0,29.421488,1
2021-04-12,18.700001,-0.0105,3.7497,69.400002,29.380165,1
2021-04-13,18.666666,-0.0197,3.745813,69.599998,29.380165,1
2021-04-14,18.266666,0.0038,3.746819,69.0,29.29752,1
2021-04-15,18.5,0.027000000000000003,3.746531,69.800003,29.338842,1
2021-04-18,19.066666,0.0053,3.746531,71.099998,29.338842,1
2021-04-19,19.1,-0.0016,3.749,72.5,29.380165,1
2021-04-20,19.0,0.0121,3.746439,73.5,29.338842,1
2021-04-21,19.166666,-0.0067,3.746369,72.5,29.29752,1
2021-04-22,19.166666,0.015600000000000001,3.746143,70.400002,29.256199,0
2021-04-25,19.466665,0.020499999999999997,3.746143,70.699997,29.256199,0
2021-04-26,20.0,-0.018600000000000002,3.7497,71.400002,29.173553,1
2021-04-27,19.299999,-0.0256,3.746245,73.400002,29.173553,1
2021-04-28,19.066666,0.0174,3.746574,73.099998,29.380165,1
2021-04-29,19.333332,-0.011899999999999999,3.746117,73.300003,29.462809,1
2021-05-02,19.033333,-0.0209,3.746117,73.199997,29.256199,1
2021-05-03,18.700001,-0.010700000000000001,3.7497,71.800003,29.29752,1
2021-05-04,18.799999,0.006999999999999999,3.747306,72.099998,29.421488,0
2021-05-05,18.6,-0.0161,3.746598,71.699997,29.462809,0
2021-05-06,18.433332,0.0022,3.746313,70.699997,29.462809,0
2021-05-09,18.433332,0.0,3.746313,70.5,29.462809,0
2021-05-10,18.4,0.0087,3.7499,70.800003,29.462809,0
2021-05-17,18.433332,0.02,3.7498,71.400002,29.338842,0
2021-05-18,18.933332,0.0265,3.745917,70.199997,29.380165,1
2021-05-19,19.333332,-0.0036,3.746227,69.800003,29.338842,1
2021-05-20,19.166666,-0.011899999999999999,3.746232,69.0,29.29752,1
2021-05-23,19.033333,0.0016,3.746232,68.5,29.256199,0
2021-05-24,19.033333,-0.0173,3.7497,69.300003,29.29752,1
2021-05-25,18.766666,0.009000000000000001,3.746172,69.300003,29.214876,1
2021-05-26,18.966665,0.0016,3.745736,69.599998,29.256199,1
2021-05-27,19.0,-0.0053,3.746011,69.800003,29.173553,1
2021-05-30,18.9,0.022799999999999997,3.746011,69.5,29.132231,1
2021-05-31,19.166666,0.0176,3.7498,69.5,29.173553,1
2021-06-01,19.666666,0.0168,3.746577,69.5,29.173553,0
2021-06-02,20.033333,0.0,3.746303,69.599998,29.256199,1
2021-06-03,20.0,0.0034999999999999996,3.746273,70.099998,29.256199,1
2021-06-06,20.0,-0.002,3.746273,70.0,29.256199,1
2021-06-07,20.0,-0.01,3.7496,70.300003,29.256199,1
2021-06-08,19.833332,-0.008100000000000001,3.746388,71.400002,29.256199,1
2021-06-09,19.533333,-0.018799999999999997,3.746896,72.599998,29.256199,1
2021-06-10,19.266666,-0.013999999999999999,3.746449,74.099998,29.256199,1
2021-06-13,19.1,0.0194,3.746449,74.0,29.256199,1
2021-06-14,19.433332,0.0015,3.7498,74.300003,29.214876,0
2021-06-15,19.4,-0.0134,3.746196,73.5,29.173553,1
2021-06-16,19.200001,0.0052,3.746593,71.699997,29.173553,1
2021-06-17,19.266666,-0.0021,3.746152,72.300003,29.173553,1
2021-06-20,19.233334,-0.0208,3.746152,71.900002,29.173553,1
2021-06-21,18.766666,0.0053,3.7498,70.900002,29.132231,1
2021-06-22,18.866667,-0.0053,3.746154,70.900002,29.173553,1
2021-06-23,18.833332,0.0053,3.746023,72.0,29.173553,1
2021-06-24,18.933332,0.0,3.746853,71.900002,29.090908,1
2021-06-27,18.933332,0.037000000000000005,3.746853,72.0,29.049585,1
2021-06-28,19.633333,0.0173,3.743459,72.900002,29.049585,1
2021-06-29,19.966665,0.0401,3.746674,72.400002,29.008265,1
2021-06-30,20.766666,0.0144,3.745914,72.599998,29.090908,1
2021-07-01,21.066666,0.0123,3.746231,72.599998,29.008265,1
2021-07-04,21.366667,-0.004699999999999999,3.746231,71.5,28.925619,1
2021-07-05,21.166666,0.009399999999999999,3.7499,71.300003,28.925619,1
2021-07-06,21.733334,0.0219,3.746576,70.199997,28.884296,1
2021-07-07,21.9,0.0,3.746436,70.5,28.842976,0
2021-07-08,22.0,0.0,3.74626,69.900002,28.801653,1
2021-07-11,21.966665,-0.0242,3.74626,69.699997,28.801653,1
2021-07-12,21.4,-0.009399999999999999,3.7505,67.5,28.595041,1
2021-07-13,21.333332,0.015600000000000001,3.746839,68.0,28.595041,1
2021-07-14,21.533333,0.0079,3.746975,68.300003,28.677685,0
2021-07-15,21.666666,-0.0125,3.74624,68.0,28.842976,1
2021-07-25,21.6,0.051399999999999994,3.74624,68.5,28.842976,1
2021-07-26,22.6,0.0147,3.7502,70.0,28.842976,0
2021-07-27,22.833332,0.0074,3.746804,68.300003,28.719007,1
2021-07-28,22.766666,-0.005699999999999999,3.747155,68.0,28.677685,1
2021-07-29,22.700001,0.018799999999999997,3.746544,68.199997,28.801653,0
2021-08-01,23.299999,-0.0116,3.746544,68.900002,28.76033,0
2021-08-02,23.0,-0.0043,3.75,68.300003,28.719007,1
2021-08-03,22.666666,0.0148,3.7466,69.300003,28.884296,1
2021-08-04,23.266666,0.0013,3.746402,69.900002,28.925619,1
2021-08-05,23.0,-0.0258,3.74594,70.300003,28.884296,1
2021-08-08,22.733334,0.025099999999999997,3.74594,70.400002,28.925619,1
2021-08-09,23.133333,0.019799999999999998,3.7497,69.5,29.008265,1
2021-08-10,23.666666,0.0101,3.745915,69.599998,29.008265,1
2021-08-11,24.0,0.0346,3.745937,69.900002,29.049585,1
2021-08-12,24.833332,-0.013300000000000001,3.746056,69.599998,29.132231,0
2021-08-15,24.466665,0.013500000000000002,3.746056,69.099998,29.049585,0
2021-08-16,24.666666,-0.0052,3.75,69.099998,29.008265,0
2021-08-17,24.6,0.0,3.746126,69.099998,28.925619,0
2021-08-18,24.833332,-0.0219,3.746236,69.800003,29.049585,1
2021-08-19,23.833332,-0.0356,3.746148,68.599998,28.966942,1
2021-08-22,23.366667,-0.0129,3.746148,68.099998,28.884296,1
2021-08-23,22.966665,-0.0279,3.7498,67.300003,28.842976,0
2021-08-24,22.666666,0.0403,3.745855,67.0,28.595041,1
2021-08-25,23.299999,0.0043,3.746113,66.699997,28.719007,1
2021-08-26,23.5,-0.0171,3.7464,66.699997,28.76033,1
2021-08-29,23.066666,0.0174,3.7464,66.5,28.719007,1
2021-08-30,23.266666,0.0146,3.7501,67.0,28.842976,0
2021-08-31,23.700001,0.0253,3.746387,67.400002,28.842976,1
2021-09-01,24.366667,-0.0058,3.74656,67.800003,28.966942,1
2021-09-02,24.1,0.009899999999999999,3.746463,67.699997,28.925619,1
2021-09-05,24.366667,0.0025,3.746463,67.699997,28.925619,1
2021-09-06,24.466665,0.0016,3.7497,67.699997,28.966942,1
2021-09-07,24.466665,0.0327,3.74623,68.5,28.925619,1
2021-09-08,25.233334,0.028900000000000002,3.746159,68.300003,28.966942,1
2021-09-09,26.0,-0.0027,3.746013,68.0,28.925619,1
2021-09-12,26.0,0.0143,3.746013,68.099998,28.925619,1
2021-09-13,26.333332,-0.0076,3.7501,67.599998,28.884296,1
2021-09-14,26.0,-0.0027,3.746497,67.800003,28.884296,0
2021-09-15,26.033333,-0.0012,3.746453,67.599998,28.925619,0
2021-09-16,25.866667,0.0127,3.74625,68.5,29.049585,1
2021-09-19,26.333332,0.0076,3.74625,69.0,29.008265,1
2021-09-20,26.533333,0.0,3.7491,68.300003,28.884296,1
2021-09-21,26.233334,-0.0038,3.745343,67.300003,28.842976,1
2021-09-22,26.566666,-0.0163,3.745853,68.0,28.842976,1
2021-09-26,26.233334,0.014199999999999999,3.745853,68.300003,28.925619,1
2021-09-27,26.366667,0.011399999999999999,3.7503,69.099998,29.008265,1
2021-09-28,26.6,-0.0015,3.74666,70.199997,29.049585,1
2021-09-29,26.833332,0.0327,3.746802,71.099998,29.834709,0
2021-09-30,27.5,0.015600000000000001,3.746778,71.0,29.710743,1
2021-10-03,27.966665,0.0204,3.746778,71.300003,29.66942,1
2021-10-04,28.433332,-0.039599999999999996,3.7501,70.5,29.752066,1
2021-10-05,27.366667,0.0073,3.745836,70.900002,30.165289,1
2021-10-06,27.533333,-0.0062,3.74598,71.699997,30.619835,1
2021-10-07,27.433332,0.0026,3.74562,72.199997,30.867767,1
2021-10-10,27.666666,0.0058,3.74562,71.900002,30.785124,1
2021-10-11,27.633333,0.0,3.7498,73.5,30.537189,1
2021-10-12,27.766666,0.0206,3.746244,74.800003,30.578512,1
2021-10-13,28.166666,0.0365,3.746824,75.900002,30.702478,0
2021-10-14,29.333332,0.0127,3.746314,79.5,30.578512,0
2021-10-17,29.6,-0.001,3.746314,85.300003,30.785124,1
2021-10-18,29.0,-0.0014000000000000002,3.7504,80.900002,30.90909,1
2021-10-19,29.6,0.0014000000000000002,3.74642,79.599998,30.90909,1
2021-10-20,29.466665,-0.0014000000000000002,3.746962,77.199997,30.867767,1
2021-10-21,29.333332,0.0014000000000000002,3.746932,79.599998,30.826447,1
2021-10-24,29.6,-0.0203,3.746932,78.300003,30.950413,1
2021-10-25,29.166666,-0.038,3.7503,78.099998,30.826447,1
2021-10-26,27.933332,0.0083,3.746382,77.400002,30.90909,0
2021-10-27,28.166666,0.0046,3.74585,77.099998,30.867767,1
2021-10-28,28.0,-0.0365,3.746375,75.5,31.074381,1
2021-10-31,27.200001,-0.035699999999999996,3.746375,75.900002,31.322313,1
2021-11-01,26.233334,0.024399999999999998,3.7505,75.0,31.322313,1
2021-11-02,26.9,0.0123,3.746649,74.199997,31.198347,0
2021-11-03,27.333332,-0.021,3.746996,74.699997,31.280991,1
2021-11-04,26.533333,-0.0113,3.746911,74.0,31.033056,1
2021-11-07,26.466665,-0.020099999999999996,3.746911,74.5,31.074381,1
2021-11-08,25.799999,-0.0116,3.7502,75.0,31.033056,0
2021-11-09,25.5,0.0325,3.746415,73.699997,30.991735,1
2021-11-10,26.333332,-0.0060999999999999995,3.7498,72.800003,30.826447,1
2021-11-11,26.0,-0.018000000000000002,3.745932,72.400002,30.867767,0
2021-11-14,25.866667,0.0167,3.745932,73.5,30.991735,1
2021-11-15,26.133333,0.014199999999999999,3.75,72.199997,30.867767,1
2021-11-16,26.5,0.0038,3.74645,71.0,30.743801,1
2021-11-17,26.6,-0.0075,3.747404,70.099998,30.578512,1
2021-11-18,26.4,-0.0064,3.746294,69.5,30.619835,0
2021-11-21,25.766666,-0.026699999999999998,3.746294,68.0,30.247932,1
2021-11-22,25.466665,-0.0325,3.7507,67.099998,29.752066,1
2021-11-23,24.666666,0.044500000000000005,3.746441,67.0,29.214876,1
2021-11-24,26.0,0.005,3.746911,68.900002,29.958677,1
2021-11-25,25.933332,-0.0359,3.746764,68.5,29.793388,1
2021-11-28,25.0,-0.0508,3.746764,67.0,28.925619,1
2021-11-29,23.866667,0.0,3.7508,65.400002,28.884296,0
2021-11-30,23.666666,0.0042,3.747178,64.599998,28.842976,1
2021-12-01,23.666666,0.0042,3.747465,63.900002,28.719007,1
2021-12-02,23.700001,0.023799999999999998,3.746693,64.199997,28.884296,1
2021-12-05,24.666666,0.0151,3.746693,64.400002,28.925619,1
2021-12-06,25.0,-0.031,3.7511,66.199997,29.132231,1
2021-12-07,24.299999,-0.0029,3.74712,65.5,29.173553,1
2021-12-08,24.033333,-0.0012,3.74695,64.699997,28.966942,1
2021-12-09,24.0,-0.0208,3.746948,64.0,29.008265,1
2021-12-12,23.666666,0.0255,3.746948,64.0,28.76033,1
2021-12-13,24.233334,0.0154,3.7509,64.699997,28.76033,0
2021-12-14,24.466665,0.0025,3.746871,65.599998,28.801653,0
2021-12-15,24.533333,0.0326,3.747102,66.400002,28.884296,1
2021-12-16,25.433332,0.0095,3.746903,68.199997,28.966942,0
2021-12-19,25.833332,-0.011699999999999999,3.746903,66.5,29.049585,1
2021-12-20,24.966665,0.0012,3.7529,66.5,28.966942,1
2021-12-21,25.366667,0.017,3.749651,67.800003,29.090908,1
2021-12-22,25.833332,-0.0155,3.750436,70.400002,29.256199,1
2021-12-23,25.366667,-0.0012,3.749978,68.800003,29.214876,0
2021-12-26,25.066666,0.0091,3.749978,69.900002,29.421488,0
2021-12-27,25.366667,0.0055000000000000005,3.7439,68.0,29.338842,0
2021-12-28,25.799999,0.023399999999999997,3.751015,68.199997,29.338842,1
2021-12-29,26.266666,-0.0141,3.751415,68.599998,29.338842,1
2021-12-30,25.833332,0.0104,3.750001,68.400002,29.090908,1
2022-01-02,26.133333,0.0038,3.750001,68.699997,29.545454,1
2022-01-03,26.266666,-0.0053,3.7531,69.099998,29.338842,1
2022-01-04,26.133333,0.0077,3.750006,68.800003,29.421488,1
2022-01-05,26.200001,0.0015,3.751174,68.900002,29.380165,0
2022-01-06,26.366667,0.0125,3.751553,68.699997,29.421488,0
2022-01-09,26.833332,0.0236,3.751553,69.099998,29.338842,1
2022-01-10,27.4,0.0355,3.752,69.800003,29.504131,1
2022-01-11,28.299999,0.011699999999999999,3.749362,71.300003,29.421488,1
2022-01-12,28.666666,0.0269,3.749098,72.599998,29.752066,1
2022-01-13,29.533333,0.0146,3.748855,73.199997,30.041323,1
2022-01-16,29.966665,0.0335,3.748855,74.199997,30.330578,1
2022-01-17,31.0,-0.016200000000000003,3.7511,74.5,30.413223,0
2022-01-18,30.333332,-0.0264,3.748925,74.099998,30.495867,1
2022-01-19,29.533333,0.0406,3.747694,72.5,30.371901,1
2022-01-20,31.133333,0.0163,3.746848,71.599998,30.330578,0
2022-01-23,31.733334,-0.0275,3.746848,70.0,30.371901,1
2022-01-24,30.366667,-0.0023,3.7505,68.699997,30.165289,1
2022-01-25,30.133333,0.001,3.7506,68.5,29.958677,1
2022-01-26,30.333332,0.011200000000000002,3.746253,69.599998,30.165289,1
2022-01-27,30.333332,0.006500000000000001,3.74692,69.599998,30.495867,1
2022-01-30,30.966665,-0.006500000000000001,3.74692,68.800003,30.495867,1
2022-01-31,30.6,-0.0013,3.7514,68.599998,30.702478,1
2022-02-01,30.633333,0.0023,3.747554,67.800003,30.950413,1
2022-02-02,30.6,0.0055000000000000005,3.747144,67.900002,30.826447,1
2022-02-03,30.733334,-0.006500000000000001,3.747318,67.5,30.454544,1
2022-02-06,30.666666,0.011699999999999999,3.747318,67.099998,30.165289,0
2022-02-07,31.033333,0.0064,3.7513,68.099998,30.413223,0
2022-02-08,31.200001,-0.0083,3.747332,69.0,30.619835,1
2022-02-09,31.0,0.0116,3.747296,68.099998,30.785124,1
2022-02-10,31.333332,0.0,3.746996,67.699997,30.578512,0
2022-02-13,31.333332,-0.016,3.746996,68.0,30.867767,0
2022-02-14,30.733334,0.011000000000000001,3.7511,66.400002,30.619835,1
2022-02-15,31.1,-0.0013,3.74775,67.0,30.743801,0
2022-02-16,31.166666,0.024700000000000003,3.74793,66.900002,30.826447,0
2022-02-17,31.933332,0.0345,3.747957,67.400002,31.198347,0
2022-02-20,33.033333,-0.031200000000000002,3.747957,66.599998,31.115702,1
2022-02-21,32.066666,0.022799999999999997,3.7516,66.0,31.157024,0
2022-02-23,32.799999,-0.0031,3.7513,66.699997,32.438015,0
2022-02-24,31.833332,0.019299999999999998,3.747335,65.699997,33.347107,0
2022-02-27,35.333332,0.0472,3.747335,67.5,34.173553,1
2022-02-28,35.0,0.023,3.7509,66.699997,33.884296,1
2022-03-01,35.533333,0.009300000000000001,3.747204,68.599998,34.29752,1
2022-03-02,35.933334,0.0334,3.747377,69.800003,34.380165,0
2022-03-03,37.599998,0.0665,3.74711,70.099998,35.950413,1
2022-03-06,40.0,0.0285,3.74711,71.5,37.190083,1
2022-03-07,41.466667,0.0638,3.7516,74.0,37.603306,0
2022-03-08,43.333332,-0.0152,3.747559,72.0,37.190083,1
2022-03-09,42.599998,-0.031400000000000004,3.747307,72.400002,37.107437,1
2022-03-10,41.133331,-0.0177,3.747037,71.0,35.206612,1
2022-03-13,40.666664,0.0067,3.747037,70.099998,33.966942,1
2022-03-14,41.0,-0.0279,3.7511,69.599998,32.892563,1
2022-03-15,39.400002,-0.0687,3.746898,68.199997,32.066116,1
2022-03-16,37.400002,0.0992,3.745669,67.599998,32.231403,1
2022-03-17,40.666664,0.013000000000000001,3.748992,67.900002,33.76033,0
2022-03-20,41.599998,0.048499999999999995,3.748992,67.599998,35.123966,1
2022-03-21,43.133331,-0.020099999999999996,3.7509,67.800003,36.115704,0
2022-03-22,42.466667,0.0347,3.746971,68.0,35.70248,1
2022-03-23,44.066666,0.0183,3.746948,68.099998,35.413223,1
2022-03-24,44.866665,0.0,3.747247,66.900002,35.330578,1
2022-03-27,44.599998,0.0,3.747247,67.099998,35.0,1
2022-03-28,44.266666,-0.0029,3.7507,67.599998,34.545452,1
2022-03-29,44.466667,0.018000000000000002,3.746917,67.5,34.669422,1
2022-03-30,45.400002,-0.0148,3.747939,67.699997,34.628098,1
2022-03-31,44.599998,0.0016,3.747177,67.400002,34.462811,1
2022-04-03,44.666664,0.0058,3.747177,66.300003,35.413223,1
2022-04-04,44.933334,0.0387,3.7508,67.099998,35.454544,1
2022-04-05,46.666664,0.051399999999999994,3.746591,68.400002,35.619835,1
2022-04-06,49.066666,-0.0273,3.746776,67.900002,35.537189,0
2022-04-07,47.666664,0.0281,3.746525,67.5,35.495869,1
2022-04-10,49.666664,0.0026,3.746525,67.400002,35.454544,1
2022-04-11,49.200001,0.0067,3.7493,67.400002,35.330578,0
2022-04-12,49.333332,-0.004,3.745651,66.900002,35.289257,0
2022-04-13,48.866665,-0.053899999999999997,3.745457,66.099998,35.537189,1
2022-04-14,46.799999,0.005600000000000001,3.745529,65.800003,35.247932,1
2022-04-17,46.733334,-0.015600000000000001,3.745529,65.0,35.454544,1
2022-04-18,46.133331,0.0028000000000000004,3.7421,64.5,35.289257,1
2022-04-19,46.333332,-0.020099999999999996,3.7505,63.900002,35.413223,0
2022-04-20,45.400002,0.0426,3.745401,63.0,35.495869,0
2022-04-21,47.333332,-0.0351,3.7479,61.5,35.867767,1
2022-04-24,45.333332,-0.0366,3.7479,59.900002,35.454544,0
2022-04-25,43.666664,0.0,3.7498,60.5,35.495869,0
2022-04-26,45.666664,0.0227,3.746066,61.400002,35.537189,1
2022-04-27,45.666664,0.0222,3.745996,61.0,35.826447,1
2022-04-28,46.666664,0.0,3.746026,61.700001,36.983471,1
2022-05-08,46.933334,-0.0217,3.746026,61.400002,37.024792,1
2022-05-09,44.933334,-0.0207,3.7505,60.5,37.892563,0
2022-05-10,43.533333,-0.0605,3.746715,59.0,37.975204,0
2022-05-11,41.666664,-0.0016,3.746303,58.5,37.851238,1
2022-05-12,41.466667,-0.046799999999999994,3.746565,57.5,37.603306,1
2022-05-15,40.0,0.047400000000000005,3.746565,57.099998,38.181816,1
2022-05-16,41.666664,-0.0226,3.7505,58.200001,38.454544,1
2022-05-17,40.866665,-0.0165,3.746448,56.400002,38.636364,1
2022-05-18,39.666664,-0.0168,3.746202,56.0,37.5,0
2022-05-19,37.400002,-0.042699999999999995,3.746424,54.400002,36.409088,0
2022-05-22,37.866665,0.0054,3.746424,54.599998,36.363636,0
2022-05-23,37.733334,0.0036,3.7503,55.400002,35.772728,1
2022-05-24,37.666664,0.038900000000000004,3.74645,55.0,35.863636,0
2022-05-25,39.333332,0.0528,3.746466,54.0,36.545452,1
2022-05-26,41.333332,-0.0049,3.746256,54.299999,37.363636,1
2022-05-29,41.333332,-0.008100000000000001,3.746256,54.5,37.363636,1
2022-05-30,41.133331,-0.0148,3.7502,56.0,37.590908,0
2022-05-31,41.933334,0.0832,3.745743,55.400002,38.0,1
2022-06-01,42.666664,-0.0492,3.745727,54.400002,38.045452,1
2022-06-02,39.400002,-0.046799999999999994,3.745178,54.5,37.272728,0
2022-06-05,39.066666,0.0424,3.745178,54.599998,36.636364,1
2022-06-06,41.133331,0.026000000000000002,3.7449,56.400002,37.0,1
2022-06-07,42.133331,-0.0285,3.745708,57.5,37.272728,0
2022-06-08,41.333332,-0.0033,3.746485,56.299999,36.863636,1
2022-06-09,40.733334,-0.0016,3.746472,57.099998,36.954544,1
2022-06-12,39.733334,-0.0443,3.746472,56.0,36.454544,1
2022-06-13,38.733334,-0.0395,3.751,55.0,35.454544,1
2022-06-14,36.666664,0.035699999999999996,3.746765,53.799999,35.81818,0
2022-06-15,38.666664,-0.0069,3.747112,54.0,35.454544,0
2022-06-16,38.466667,-0.0417,3.747164,53.400002,34.954544,1
2022-06-19,36.0,-0.0525,3.747164,51.0,34.590908,1
2022-06-20,34.799999,0.0191,3.7518,49.5,33.545452,1
2022-06-21,36.133331,0.0319,3.747588,50.200001,33.727272,1
2022-06-22,36.666664,-0.0727,3.747729,50.700001,34.181816,0
2022-06-23,34.0,-0.0196,3.747504,49.099998,33.863636,1
2022-06-26,34.200001,0.027999999999999997,3.747504,50.5,34.136364,0
2022-06-27,34.266666,-0.0175,3.7524,50.799999,34.363636,0
2022-06-28,33.533333,0.023799999999999998,3.748724,50.200001,34.227272,1
2022-06-29,34.133331,-0.0058,3.748313,50.900002,35.272728,1
2022-06-30,34.266666,-0.0302,3.747271,51.599998,35.636364,1
2022-07-03,33.466667,0.0,3.747271,50.799999,35.31818,1
2022-07-04,33.133331,-0.006999999999999999,3.7521,50.900002,35.0,1
2022-07-05,33.266666,0.004,3.747984,49.650002,34.681816,1
2022-07-06,32.333332,-0.020099999999999996,3.748822,48.700001,34.5,1
2022-07-13,32.400002,-0.0452,3.748404,48.0,34.090908,1
2022-07-14,31.0,-0.0204,3.748274,46.400002,33.363636,1
2022-07-17,30.700001,0.0121,3.748274,46.25,33.272728,1
2022-07-18,30.933332,0.0998,3.7539,45.049999,33.636364,0
2022-07-19,34.0,0.0947,3.749348,46.049999,35.0,1
2022-07-20,37.333332,-0.0072,3.750348,47.5,35.181816,1
2022-07-21,36.933334,0.0236,3.753036,48.0,35.409088,1
2022-07-24,37.599998,-0.0053,3.753036,49.349998,35.0,1
2022-07-25,37.333332,-0.0125,3.7558,48.549999,35.0,1
2022-07-26,36.933334,0.0054,3.752984,47.400002,35.181816,1
2022-07-27,37.133331,0.0144,3.752462,47.549999,35.454544,1
2022-07-28,38.333332,-0.0053,3.750944,48.799999,36.31818,0
2022-07-31,37.933334,0.0,3.750944,49.950001,36.090908,0
2022-08-01,37.599998,0.0125,3.7548,51.299999,36.136364,0
2022-08-02,38.066666,0.0545,3.750911,52.700001,36.363636,1
2022-08-03,40.0,-0.005,3.752004,52.0,36.136364,1
2022-08-04,39.799999,0.0,3.755166,53.0,36.090908,0
2022-08-07,40.0,0.0101,3.755166,53.0,36.0,1
2022-08-08,40.666664,0.0166,3.7562,51.799999,35.727272,0
2022-08-09,41.200001,0.0359,3.753764,52.599998,35.727272,0
2022-08-10,42.333332,0.011000000000000001,3.7553,52.400002,36.181816,1
2022-08-11,43.333332,0.09970000000000001,3.754536,52.599998,36.272728,1
2022-08-14,47.333332,-0.017,3.754536,53.400002,37.090908,0
2022-08-15,46.266666,0.0793,3.751,53.299999,36.727272,0
2022-08-16,49.933334,-0.0147,3.750221,53.200001,36.681816,1
2022-08-17,49.333332,-0.025699999999999997,3.749668,53.0,36.181816,1
2022-08-18,47.933334,0.0111,3.749386,53.099998,36.136364,0
2022-08-21,48.466667,-0.0248,3.749386,52.700001,35.909088,1
2022-08-22,47.133331,0.0155,3.7537,51.700001,35.454544,1
2022-08-23,47.866665,-0.025,3.75066,51.400002,35.090908,0
2022-08-24,47.066666,0.01,3.750646,50.5,34.954544,0
2022-08-25,48.0,0.0395,3.753624,51.0,35.81818,0
2022-08-28,48.666664,0.0583,3.753624,50.799999,35.545452,0
2022-08-29,52.599998,0.0,3.7526,52.099998,35.181816,1
2022-08-30,52.200001,-0.029500000000000002,3.750744,51.900002,35.31818,0
2022-08-31,50.333332,-0.0159,3.751136,51.5,34.681816,1
2022-09-01,49.866665,-0.0134,3.753869,50.200001,34.090908,1
2022-09-04,48.666664,0.0163,3.753869,50.0,33.727272,0
2022-09-05,50.0,0.0,3.7567,50.299999,34.227272,1
2022-09-06,49.733334,-0.0281,3.754104,50.700001,34.090908,0
2022-09-07,48.400002,-0.0262,3.752894,50.099998,33.81818,1
2022-09-08,47.133331,-0.0212,3.753038,49.150002,33.590908,0
2022-09-11,47.066666,0.0159,3.753038,49.599998,33.545452,1
2022-09-12,46.933334,0.0213,3.7561,49.700001,33.863636,1
2022-09-13,47.533333,-0.037599999999999995,3.752944,49.799999,33.863636,1
2022-09-14,45.133331,-0.0304,3.753474,48.5,33.727272,1
2022-09-15,45.133331,-0.022400000000000003,3.754903,49.349998,33.681816,1
2022-09-18,43.333332,-0.042699999999999995,3.754903,48.700001,33.272728,1
2022-09-19,41.533333,0.030299999999999997,3.7561,47.849998,32.954544,0
2022-09-20,43.799999,-0.020099999999999996,3.75503,48.0,32.81818,1
2022-09-21,42.400002,0.0158,3.756669,47.700001,32.954544,0
2022-09-25,40.933334,-0.009300000000000001,3.756669,46.799999,32.454544,1
2022-09-26,42.133331,-0.0204,3.7564,46.0,31.81818,1
2022-09-27,42.0,0.0256,3.7587,44.450001,31.045454,0
2022-09-28,43.266666,0.0516,3.756597,46.200001,31.545454,1
2022-09-29,45.666664,0.0342,3.761428,46.5,32.136364,1
2022-10-02,46.666664,-0.0072,3.761428,46.5,32.545452,1
2022-10-03,46.066666,0.0203,3.7533,46.799999,32.545452,0
2022-10-04,47.0,0.0184,3.753965,47.0,32.5,0
2022-10-05,48.333332,0.0111,3.753706,48.700001,32.772728,1
2022-10-06,48.599998,-0.0055000000000000005,3.755396,47.700001,32.909088,1
2022-10-09,48.133331,-0.0332,3.755396,47.799999,32.727272,1
2022-10-10,46.533333,0.0315,3.7552,47.849998,32.727272,1
2022-10-11,47.866665,-0.0069,3.753803,46.799999,32.5,1
2022-10-12,47.799999,0.0182,3.7536,46.799999,32.454544,0
2022-10-13,48.466667,-0.0027,3.752685,46.700001,32.363636,0
2022-10-16,48.333332,0.0028000000000000004,3.752685,46.400002,32.090908,1
2022-10-17,48.733334,0.023399999999999997,3.7554,46.200001,31.81818,0
2022-10-18,50.0,0.0443,3.754546,46.700001,32.090908,1
2022-10-19,52.0,-0.025699999999999997,3.751032,47.400002,32.272728,1
2022-10-20,50.466667,0.023700000000000002,3.753392,47.349998,32.5,1
2022-10-23,52.0,0.0245,3.753392,48.099998,32.81818,0
2022-10-24,52.799999,0.031400000000000004,3.7565,46.900002,33.0,0
2022-10-25,54.933334,-0.0012,3.752801,46.599998,33.181816,1
2022-10-26,55.200001,-0.0073,3.753885,46.0,32.636364,0
2022-10-27,54.533333,0.0172,3.753526,44.549999,31.90909,0
2022-10-30,56.0,0.0326,3.753526,44.950001,31.954544,1
2022-10-31,56.933334,-0.0199,3.755,45.0,31.81818,1
2022-11-01,54.666664,-0.0992,3.751969,44.650002,31.81818,0
2022-11-02,48.666664,-0.018600000000000002,3.758308,44.200001,31.681818,1
2022-11-03,48.599998,-0.0216,3.75312,44.0,31.181818,1
2022-11-06,49.066666,0.0152,3.75312,44.400002,31.5,1
2022-11-07,49.066666,0.008199999999999999,3.7582,44.349998,31.636362,1
2022-11-08,49.333332,-0.0121,3.751995,44.25,31.681818,1
2022-11-09,49.0,-0.0027,3.753785,43.900002,31.454544,1
2022-11-10,48.333332,-0.0219,3.7599,43.75,31.0,1
2022-11-13,48.733334,-0.0168,3.7599,43.700001,31.272726,0
2022-11-14,46.799999,-0.018500000000000003,3.7583,43.099998,31.181818,1
2022-11-15,46.0,-0.0377,3.754044,43.0,30.681818,0
2022-11-16,44.133331,0.0407,3.753108,42.849998,30.136362,0
2022-11-17,46.0,-0.0043,3.753938,43.0,30.727272,0
2022-11-20,45.933334,-0.0262,3.753938,42.900002,30.681818,1
2022-11-21,44.599998,-0.0179,3.7576,42.400002,30.590908,0
2022-11-22,43.866665,-0.0015,3.753216,41.950001,30.090908,1
2022-11-24,43.733334,-0.010700000000000001,3.753569,41.700001,30.363636,0
2022-11-27,43.200001,-0.0216,3.753569,40.950001,30.181818,1
2022-11-28,41.733334,-0.0031,3.7563,40.75,29.863636,0
2022-11-29,42.466667,0.0253,3.753032,40.950001,29.636362,0
2022-11-30,43.333332,0.057,3.752762,40.549999,30.136362,0
2022-12-01,45.799999,0.0175,3.754513,40.549999,30.454544,0
2022-12-04,46.733334,-0.0287,3.754513,41.450001,30.090908,0
2022-12-05,45.333332,-0.0074,3.7573,41.150002,30.0,0
2022-12-06,44.666664,0.0297,3.753982,40.150002,29.363636,1
2022-12-07,46.466667,-0.0433,3.754807,40.049999,29.272726,0
2022-12-08,44.466667,0.0347,3.755512,39.950001,29.090908,1
2022-12-11,46.0,-0.0015,3.755512,40.099998,28.545454,1
2022-12-12,45.666664,0.0058,3.76,39.799999,28.045454,1
2022-12-13,46.133331,-0.0276,3.756127,39.400002,27.636362,1
2022-12-14,44.799999,-0.0045000000000000005,3.754901,39.450001,28.181818,1
2022-12-15,44.066666,-0.024,3.75509,39.700001,28.181818,1
2022-12-18,43.333332,0.0031,3.75509,39.950001,28.227272,1
2022-12-19,43.533333,-0.0322,3.7594,39.900002,28.136362,1
2022-12-20,41.733334,0.0158,3.7529,39.400002,28.136362,1
2022-12-21,42.799999,-0.0016,3.7558,39.950001,28.181818,1
2022-12-22,42.733334,-0.0125,3.75647,40.099998,28.181818,1
2022-12-25,42.200001,-0.004699999999999999,3.75647,39.75,28.363636,1
2022-12-26,42.0,-0.0206,3.7579,39.599998,28.590908,0
2022-12-27,41.133331,0.0113,3.7584,39.5,28.545454,0
2022-12-28,41.466667,0.0208,3.754082,40.0,29.090908,0
2022-12-29,42.466667,0.015700000000000002,3.754777,41.549999,29.272726,1
2023-01-01,43.533333,0.0294,3.754777,41.599998,29.227272,0
2023-01-02,44.400002,0.009000000000000001,3.7581,41.5,29.545454,1
2023-01-03,44.799999,0.0134,3.754206,41.5,29.227272,0
2023-01-04,45.400002,0.0103,3.754885,41.650002,29.181818,0
2023-01-05,45.866665,0.0073,3.75557,40.799999,28.81818,0
2023-01-08,46.200001,0.0216,3.75557,40.900002,28.681818,0
2023-01-09,47.333332,0.0452,3.7574,40.900002,28.636362,0
2023-01-10,49.400002,-0.0095,3.754012,41.5,28.863636,1
2023-01-11,50.133331,0.0341,3.750058,41.5,28.954544,0
2023-01-12,50.733334,0.0026,3.754191,42.5,28.90909,0
2023-01-15,50.666664,-0.0118,3.754191,43.0,29.227272,1
2023-01-16,50.0,-0.024,3.7542,42.849998,29.136362,1
2023-01-17,48.866665,0.015,3.751496,42.299999,29.045454,1
2023-01-18,48.866665,0.0161,3.754641,42.299999,29.045454,0
2023-01-19,50.0,-0.0106,3.751216,42.200001,29.090908,0
2023-01-22,49.866665,0.0053,3.751216,42.400002,29.31818,1
2023-01-23,50.266666,-0.0027,3.7547,43.549999,29.5,0
2023-01-24,50.0,-0.010700000000000001,3.749805,44.299999,30.0,0
2023-01-25,49.466667,-0.008100000000000001,3.748464,44.450001,30.181818,1
2023-01-26,49.066666,0.013600000000000001,3.749662,44.75,30.090908,0
2023-01-29,49.933334,-0.0067,3.749662,45.700001,29.81818,1
2023-01-30,49.466667,0.0,3.7527,44.599998,30.0,1
2023-01-31,49.333332,-0.0054,3.749701,44.5,30.0,1
2023-02-01,49.066666,0.0027,3.748521,44.0,29.772726,0
2023-02-02,49.266666,-0.0054,3.74785,43.75,29.772726,0
2023-02-05,48.599998,-0.0231,3.74785,43.599998,29.590908,1
2023-02-06,47.400002,0.0028000000000000004,3.7515,41.599998,29.090908,1
2023-02-07,48.066666,-0.0139,3.746919,42.849998,29.5,1
2023-02-08,46.866665,-0.006999999999999999,3.746901,42.849998,29.181818,0
2023-02-09,47.0,-0.014199999999999999,3.747428,43.400002,29.545454,0
2023-02-12,46.333332,0.0115,3.747428,42.700001,29.40909,1
2023-02-13,47.533333,-0.0043,3.7516,43.150002,29.454544,1
2023-02-14,46.666664,-0.0043,3.748117,43.0,30.0,1
2023-02-15,46.133331,0.0,3.747284,43.200001,29.681818,1
2023-02-16,46.599998,-0.024399999999999998,3.746632,43.099998,30.181818,0
2023-02-19,45.400002,0.0088,3.746632,44.799999,30.0,1
2023-02-20,45.733334,-0.0335,3.7511,44.5,29.81818,1
2023-02-21,44.200001,-0.0045000000000000005,3.746292,43.0,29.545454,1
2023-02-23,43.666664,-0.0106,3.746483,42.400002,29.40909,1
2023-02-26,43.533333,-0.0046,3.746483,41.349998,28.90909,1
2023-02-27,43.333332,-0.0385,3.7511,41.700001,28.590908,1
2023-02-28,41.799999,0.0176,3.748297,41.849998,28.227272,1
2023-03-01,42.733334,0.004699999999999999,3.746939,42.099998,28.90909,1
2023-03-02,43.333332,-0.0125,3.747423,42.450001,28.863636,1
2023-03-05,42.333332,0.019,3.747423,42.0,28.90909,1
2023-03-06,42.866665,0.004699999999999999,3.7522,42.650002,29.090908,1
2023-03-07,42.866665,0.0046,3.748409,42.650002,29.0,1
2023-03-08,43.0,-0.0015,3.748938,42.549999,29.181818,0
2023-03-09,43.200001,-0.0077,3.749763,42.0,29.40909,0
2023-03-12,43.0,-0.0062,3.749763,42.0,29.81818,1
2023-03-13,42.599998,-0.004699999999999999,3.7534,41.799999,30.0,1
2023-03-14,42.599998,-0.014199999999999999,3.749508,41.900002,30.0,1
2023-03-15,42.066666,-0.0351,3.750105,41.200001,29.227272,0
2023-03-16,40.400002,-0.0017000000000000001,3.75352,40.0,28.636362,0
2023-03-19,40.266666,0.0248,3.75352,40.349998,28.136362,1
2023-03-20,41.266666,0.008100000000000001,3.7553,40.700001,28.181818,1
2023-03-21,41.599998,0.0032,3.751393,41.0,28.454544,1
2023-03-22,41.933334,0.0064,3.75253,41.25,28.681818,0
2023-03-23,42.066666,0.0016,3.753847,40.75,28.81818,1
2023-03-26,42.066666,0.0079,3.753847,41.150002,29.227272,1
2023-03-27,42.066666,0.0016,3.7553,41.150002,29.227272,1
2023-03-28,42.066666,0.0,3.75099,41.150002,29.227272,0
2023-03-29,42.466667,0.004699999999999999,3.750957,41.700001,29.31818,1
2023-03-30,42.933334,0.0,3.750542,41.650002,29.40909,0
2023-04-02,42.666664,0.0,3.750542,42.150002,29.363636,1
2023-04-03,42.933334,0.015600000000000001,3.7519,43.200001,29.545454,1
2023-04-04,43.466667,0.0323,3.7464,43.599998,29.681818,0
2023-04-05,45.200001,-0.006,3.746307,44.400002,29.863636,0
2023-04-06,44.466667,-0.013500000000000002,3.746929,43.549999,29.545454,1
2023-04-09,43.866665,0.0076,3.746929,43.150002,29.590908,1
2023-04-10,44.200001,0.0,3.7511,43.799999,29.727272,1
2023-04-11,43.866665,-0.013600000000000001,3.7519,43.400002,29.590908,0
2023-04-12,43.400002,0.010700000000000001,3.746994,43.0,29.5,0
2023-04-13,44.133331,0.0242,3.746351,42.950001,29.727272,1
2023-04-16,45.799999,0.029500000000000002,3.746351,42.900002,29.90909,1
2023-04-17,46.466667,-0.0086,3.7503,43.099998,30.090908,1
2023-04-25,46.133331,0.0014000000000000002,3.746262,43.900002,31.545454,1
2023-04-26,46.133331,0.0058,3.746345,45.349998,32.727272,1
2023-04-27,46.133331,-0.0029,3.746757,45.299999,32.31818,0
2023-04-30,46.266666,-0.0014000000000000002,3.746757,44.700001,32.772728,1
2023-05-01,46.266666,-0.0043,3.7499,44.700001,33.0,1
2023-05-02,46.0,-0.0159,3.7496,43.5,32.727272,0
2023-05-03,45.0,-0.013300000000000001,3.745769,43.049999,32.0,0
2023-05-04,44.400002,0.0149,3.745837,42.5,31.727272,0
2023-05-07,45.400002,0.0191,3.745837,42.799999,32.0,1
2023-05-08,46.200001,-0.0173,3.7498,43.099998,32.5,1
2023-05-09,45.400002,0.0147,3.745506,42.900002,34.900002,0
2023-05-10,46.066666,-0.0014000000000000002,3.745816,42.700001,33.700001,1
2023-05-11,46.0,-0.0029,3.745738,43.0,33.349998,1
2023-05-14,45.799999,0.0,3.745738,43.450001,33.650002,1
2023-05-15,46.133331,0.0189,3.7495,43.099998,33.700001,0
2023-05-16,47.0,-0.0128,3.745337,42.700001,33.349998,1
2023-05-17,46.133331,-0.0058,3.745322,42.599998,32.200001,1
2023-05-18,45.866665,-0.0073,3.746028,42.900002,32.25,1
2023-05-21,45.533333,0.0,3.746028,42.900002,32.400002,1
2023-05-22,44.0,-0.0264,3.7495,43.0,32.349998,1
2023-05-23,44.333332,-0.0105,3.746086,42.799999,32.25,1
2023-05-24,43.733334,-0.012199999999999999,3.745601,43.25,32.049999,1
2023-05-25,42.933334,-0.0154,3.745728,43.200001,32.0,1
2023-05-28,42.733334,0.0,3.745728,43.0,31.950001,1
2023-05-29,42.733334,0.0062,3.7497,43.049999,31.950001,0
2023-05-30,42.933334,-0.0109,3.745284,43.049999,31.799999,0
2023-05-31,42.333332,-0.025099999999999997,3.74526,42.950001,31.85,1
2023-06-01,41.533333,-0.014499999999999999,3.746096,42.5,31.700001,0
2023-06-04,41.533333,0.052300000000000006,3.746096,42.849998,32.0,1
2023-06-05,43.0,-0.0124,3.7502,43.599998,32.200001,0
2023-06-06,42.799999,0.0189,3.7485,44.450001,32.599998,1
2023-06-07,43.466667,0.0077,3.74532,45.599998,32.5,1
2023-06-08,66.300003,0.0073,3.745508,42.5,32.299999,0
2023-06-11,44.0,-0.0125,3.745508,46.849998,32.349998,1
2023-06-12,42.75,-0.0139,3.7497,46.5,32.349998,1
2023-06-13,42.549999,-0.011699999999999999,3.745568,46.950001,32.25,1
2023-06-14,42.099998,0.0083,3.745776,46.450001,32.200001,1
2023-06-15,42.650002,-0.0129,3.745584,46.549999,32.549999,1
2023-06-18,42.099998,-0.0048,3.745584,46.75,32.5,1
2023-06-19,41.700001,0.0,3.75,47.349998,32.200001,1
2023-06-20,41.799999,0.0012,3.746275,47.099998,32.049999,1
2023-06-21,41.900002,0.0108,3.746125,47.299999,32.099998,1
2023-06-22,42.299999,-0.0024,3.74688,46.799999,32.200001,1
2023-07-02,42.5,0.0070999999999999995,3.74688,47.700001,32.200001,1
2023-07-03,42.5,-0.0024,3.7505,48.299999,32.299999,0
2023-07-04,42.049999,-0.0012,3.745293,48.299999,32.299999,0
2023-07-05,42.099998,0.0519,3.745525,47.5,32.299999,1
2023-07-06,44.5,-0.0236,3.746171,46.900002,32.299999,1
2023-07-09,43.5,0.0023,3.746171,47.650002,32.299999,1
2023-07-10,43.549999,0.0011,3.7507,49.5,32.200001,1
2023-07-11,43.650002,-0.0011,3.746626,48.150002,32.150002,0
2023-07-12,43.599998,0.0161,3.746572,47.950001,32.200001,0
2023-07-13,44.799999,0.0,3.746173,47.799999,32.25,0
2023-07-16,44.450001,0.0045000000000000005,3.746173,47.25,32.150002,1
2023-07-17,44.5,-0.0022,3.7511,47.150002,32.099998,1
2023-07-18,44.450001,-0.0034000000000000002,3.746235,47.349998,32.25,0
2023-07-19,44.25,-0.0102,3.745843,45.900002,32.150002,1
2023-07-20,43.799999,-0.011399999999999999,3.74605,45.900002,32.25,1
2023-07-23,43.299999,0.0012,3.74605,45.150002,32.200001,1
2023-07-24,43.349998,-0.0127,3.7505,44.75,32.299999,1
2023-07-25,43.25,0.006999999999999999,3.746,46.849998,32.299999,0
2023-07-26,43.200001,0.0302,3.745896,46.349998,32.299999,0
2023-07-27,44.450001,-0.0124,3.74629,46.75,32.400002,1
2023-07-30,44.099998,0.0171,3.74629,46.900002,32.299999,1
2023-07-31,44.700001,-0.0045000000000000005,3.7506,46.849998,32.299999,0
2023-08-01,44.400002,-0.013500000000000002,3.747153,45.799999,32.400002,1
2023-08-02,43.700001,-0.0103,3.747649,45.25,32.299999,1
2023-08-03,43.200001,-0.0196,3.747353,45.799999,32.150002,1
2023-08-06,43.0,0.0141,3.747353,45.549999,32.25,1
2023-08-07,43.0,-0.0255,3.7511,45.150002,32.400002,1
2023-08-08,42.099998,-0.0286,3.746921,44.400002,32.75,1
2023-08-09,40.900002,0.0086,3.746461,42.950001,33.099998,1
2023-08-10,41.0,-0.0024,3.747369,43.950001,33.200001,0
2023-08-13,41.0,0.0085,3.747369,44.150002,34.0,1
2023-08-14,41.400002,-0.0097,3.7515,44.299999,34.5,1
2023-08-15,41.0,-0.0060999999999999995,3.746803,44.049999,34.450001,0
2023-08-16,40.700001,-0.0049,3.746262,43.650002,34.349998,0
2023-08-17,40.5,-0.0049,3.745748,43.700001,34.450001,0
2023-08-20,40.5,0.0235,3.745748,43.650002,35.049999,1
2023-08-21,41.75,0.0048,3.7497,43.799999,34.950001,1
2023-08-22,41.400002,-0.019299999999999998,3.746157,42.099998,34.299999,1
2023-08-23,40.700001,-0.0147,3.746525,42.799999,34.349998,0
2023-08-24,40.450001,0.005,3.746545,43.0,34.450001,0
2023-08-27,40.5,0.0025,3.746545,43.0,34.650002,0
2023-08-28,40.450001,-0.0062,3.747767,42.849998,34.75,0
2023-08-29,40.0,0.0025,3.746629,43.25,34.5,0
2023-08-30,40.299999,0.0161,3.746334,42.900002,34.150002,0
2023-08-31,40.799999,-0.0098,3.746726,43.25,34.700001,1
2023-09-03,40.5,-0.0062,3.746726,42.650002,34.599998,1
2023-09-04,40.349998,-0.0062,3.698356,43.349998,34.400002,1
2023-09-05,40.0,-0.0038,3.74582,43.299999,34.25,1
2023-09-06,39.849998,-0.023799999999999998,3.746347,42.599998,34.099998,1
2023-09-07,38.650002,-0.0206,3.746253,42.150002,34.0,0
2023-09-10,38.099998,-0.0118,3.746253,42.049999,34.150002,1
2023-09-11,37.650002,0.0398,3.7502,42.25,33.75,0
2023-09-12,39.299999,-0.0051,3.746186,42.849998,33.599998,1
2023-09-13,38.950001,-0.0051,3.746362,42.450001,33.25,0
2023-09-14,38.799999,0.0013,3.746226,42.400002,33.5,1
2023-09-17,38.799999,-0.014199999999999999,3.746226,41.900002,33.950001,1
2023-09-18,38.25,-0.0052,3.746347,42.099998,34.099998,0
2023-09-19,38.099998,0.048600000000000004,3.746376,41.700001,34.0,0
2023-09-20,39.900002,-0.0113,3.746086,41.75,34.25,0
2023-09-21,39.900002,-0.0253,3.746444,42.0,34.25,1
2023-09-25,38.5,0.0104,3.746736,41.950001,34.049999,1
2023-09-26,38.799999,0.0219,3.746148,41.400002,33.900002,1
2023-09-27,39.700001,0.0013,3.745855,41.349998,34.150002,1
2023-09-28,40.150002,0.0151,3.745943,41.799999,34.849998,1
2023-10-01,40.349998,-0.013600000000000001,3.745943,41.599998,34.950001,1
2023-10-02,39.799999,-0.020099999999999996,3.75,41.450001,34.650002,1
2023-10-03,39.0,-0.0064,3.745776,41.099998,34.200001,1
2023-10-04,38.700001,-0.0168,3.745813,40.549999,34.0,1
2023-10-05,38.099998,-0.0052,3.745847,40.75,33.75,0
2023-10-08,37.900002,-0.0053,3.745847,40.450001,33.400002,1
2023-10-09,37.799999,0.013300000000000001,3.745562,40.0,33.549999,0
2023-10-10,38.5,0.0209,3.746141,39.650002,33.599998,1
2023-10-11,39.400002,0.0308,3.745816,39.599998,34.0,0
2023-10-12,40.200001,0.005,3.746306,39.299999,33.5,1
2023-10-15,40.0,-0.0223,3.746306,39.150002,33.549999,1
2023-10-16,39.299999,-0.019,3.74664,39.849998,33.299999,1
2023-10-17,39.299999,0.0206,3.746365,39.599998,33.400002,0
2023-10-18,39.349998,-0.0013,3.74649,39.950001,33.400002,0
2023-10-19,39.5,-0.0038,3.746074,39.0,33.349998,0
2023-10-22,39.400002,-0.013999999999999999,3.746074,39.150002,33.400002,1
2023-10-23,38.5,-0.039900000000000005,3.746918,38.950001,33.299999,0
2023-10-24,37.349998,-0.0013,3.74652,37.650002,33.25,1
2023-10-25,37.400002,0.030899999999999997,3.746849,36.849998,33.200001,0
2023-10-26,37.799999,-0.0352,3.746439,37.25,33.0,1
2023-10-29,37.400002,-0.0027,3.746439,37.25,33.099998,1
2023-10-30,36.900002,0.0027,3.7509,37.549999,32.950001,1
2023-10-31,36.0,-0.027000000000000003,3.746862,37.549999,32.950001,1
2023-11-01,36.0,-0.0069,3.746581,37.900002,33.25,0
2023-11-02,36.099998,0.0196,3.746695,37.5,33.099998,1
2023-11-05,36.5,0.0055000000000000005,3.746695,38.150002,33.099998,1
2023-11-06,36.650002,0.0341,3.747395,38.150002,33.25,1
2023-11-07,38.099998,-0.0053,3.745902,38.25,33.549999,1
2023-11-08,37.700001,-0.013300000000000001,3.746087,38.099998,33.5,1
2023-11-09,37.200001,0.0027,3.746346,37.700001,33.450001,1
2023-11-12,36.900002,-0.0013,3.746346,37.75,33.5,1
2023-11-13,37.450001,0.0,3.7505,37.799999,33.549999,0
2023-11-14,37.450001,0.0161,3.746109,37.5,33.700001,1
2023-11-15,38.0,0.047599999999999996,3.746255,37.549999,33.400002,0
2023-11-16,39.799999,0.0139,3.745765,38.0,33.400002,0
2023-11-19,40.200001,-0.0075,3.745765,37.950001,33.599998,1
2023-11-20,39.549999,0.005,3.747026,38.200001,33.700001,1
2023-11-21,39.950001,-0.0075,3.746015,38.349998,33.450001,0
2023-11-22,39.599998,0.0088,3.745979,37.900002,33.400002,0
2023-11-23,39.599998,-0.022400000000000003,3.746001,37.900002,33.400002,0
2023-11-26,39.0,-0.0038,3.746001,37.75,33.349998,1
2023-11-27,39.200001,-0.015300000000000001,3.745878,37.700001,33.349998,1
2023-11-28,38.5,0.013000000000000001,3.746123,37.599998,33.25,0
2023-11-29,39.400002,-0.009000000000000001,3.746089,37.5,33.299999,0
2023-11-30,38.799999,0.031,3.74681,37.599998,33.25,1
2023-12-03,39.799999,-0.0075,3.74681,37.75,33.25,0
2023-12-04,39.450001,0.0038,3.7507,38.0,33.25,0
2023-12-05,39.900002,-0.0101,3.746602,38.0,33.200001,0
2023-12-06,39.299999,0.0076,3.745871,37.599998,33.049999,0
2023-12-07,39.5,-0.0152,3.744486,37.25,32.950001,0
2023-12-10,38.950001,-0.0128,3.744486,37.299999,33.0,1
2023-12-11,38.599998,0.0169,3.7502,37.549999,33.0,1
2023-12-12,39.099998,0.0064,3.745866,37.650002,33.0,1
2023-12-13,39.400002,0.0102,3.745977,37.5,32.950001,1
2023-12-14,39.950001,0.0075,3.747475,37.25,32.799999,0
2023-12-17,40.299999,0.029900000000000003,3.747475,37.099998,32.900002,1
2023-12-18,41.5,0.0291,3.7508,37.150002,32.849998,0
2023-12-19,42.450001,0.0034999999999999996,3.746647,37.700001,33.0,0
2023-12-20,42.700001,-0.0223,3.746505,38.099998,33.0,1
2023-12-21,41.599998,0.0024,3.746265,38.049999,33.0,0
2023-12-24,42.150002,0.012,3.746265,38.0,32.950001,1
2023-12-25,42.25,0.0225,3.7504,38.049999,33.0,0
2023-12-26,43.299999,0.0058,3.7494,38.25,33.049999,0
2023-12-27,43.5,-0.0069,3.7503,38.25,33.099998,0
2023-12-28,43.150002,0.022000000000000002,3.745673,38.099998,33.150002,0
2023-12-31,45.0,0.09970000000000001,3.745673,38.0,33.049999,0
2024-01-01,51.400002,0.025699999999999997,3.74547,38.049999,33.0,1
2024-01-02,49.849998,-0.0281,3.7495,38.099998,33.049999,0
2024-01-03,48.099998,-0.0331,3.745316,39.549999,33.049999,1
2024-01-04,46.650002,0.022400000000000003,3.745818,38.200001,33.0,1
2024-01-07,47.849998,-0.0115,3.745818,39.200001,33.0,1
2024-01-08,47.299999,-0.0063,3.7498,40.799999,33.25,1
2024-01-09,46.950001,0.0011,3.74554,40.299999,33.450001,0
2024-01-10,48.0,-0.0021,3.745381,39.900002,33.25,1
2024-01-11,47.450001,-0.023399999999999997,3.745295,38.950001,32.900002,0
2024-01-14,45.799999,-0.012,3.745295,38.25,32.849998,1
2024-01-15,45.299999,0.0,3.746162,38.450001,32.849998,0
2024-01-16,45.349998,-0.0011,3.745514,37.849998,32.400002,1
2024-01-17,45.25,-0.0177,3.745597,37.900002,32.099998,1
2024-01-18,44.200001,0.0045000000000000005,3.745639,37.700001,31.85,0
2024-01-21,45.900002,0.0594,3.745639,36.950001,32.049999,1
2024-01-22,47.299999,-0.0127,3.7501,37.599998,32.0,1
2024-01-23,46.799999,-0.0032,3.745788,38.349998,31.700001,0
2024-01-24,46.599998,0.0043,3.74571,38.049999,31.65,0
2024-01-25,46.75,0.0053,3.745573,38.0,31.700001,0
2024-01-28,47.0,0.0043,3.745573,38.5,31.65,1
2024-01-29,47.299999,0.0106,3.745865,38.700001,31.4,0
2024-01-30,47.799999,-0.0262,3.745458,38.900002,31.299999,0
2024-01-31,46.450001,-0.0011,3.745363,37.950001,31.299999,0
2024-02-01,46.349998,0.0075,3.745505,38.25,30.6,0
2024-02-04,46.900002,0.0021,3.745505,37.950001,31.0,1
2024-02-05,46.900002,0.0128,3.7496,37.799999,31.0,1
2024-02-06,47.450001,-0.0021,3.745833,37.849998,30.799999,0
2024-02-07,47.0,0.0528,3.745584,38.0,31.299999,0
2024-02-08,47.0,-0.015,3.745609,38.0,31.299999,1
2024-02-11,49.0,0.0204,3.745609,37.950001,30.700001,1
2024-02-12,50.200001,0.0379,3.745607,37.599998,30.450001,1
2024-02-13,52.0,-0.0019,3.74562,37.900002,30.950001,1
2024-02-14,51.0,-0.0173,3.745559,38.0,31.75,1
2024-02-15,50.5,-0.002,3.745696,37.849998,31.950001,0
2024-02-18,50.900002,-0.0098,3.745696,38.200001,31.9,1
2024-02-19,50.0,0.011899999999999999,3.745807,39.0,31.9,0
2024-02-20,51.0,-0.0039000000000000003,3.745802,40.099998,31.950001,0
2024-02-21,50.599998,-0.0098,3.745594,39.0,31.6,0
2024-02-25,50.099998,-0.0209,3.745594,39.0,32.0,1
2024-02-26,49.0,0.001,3.745834,38.450001,31.85,1
2024-02-27,49.349998,0.0203,3.745691,38.0,31.799999,0
2024-02-28,50.299999,0.0,3.745775,38.150002,31.9,1
2024-02-29,50.0,-0.0109,3.74616,38.099998,31.9,0
2024-03-03,49.700001,-0.0171,3.74616,37.549999,31.700001,0
2024-03-04,49.099998,-0.013300000000000001,3.745639,37.650002,31.549999,0
2024-03-05,48.25,0.009300000000000001,3.745803,37.450001,31.200001,0
2024-03-06,48.5,0.025699999999999997,3.745813,37.599998,31.6,0
2024-03-07,49.950001,0.001,3.745768,37.599998,31.700001,0
2024-03-10,50.0,0.01,3.745768,37.599998,32.099998,1
2024-03-11,50.5,0.0297,3.746482,37.799999,32.200001,1
2024-03-12,52.0,0.0077,3.746201,37.650002,32.0,1
2024-03-13,52.400002,-0.0095,3.746185,38.0,32.049999,1
2024-03-14,51.900002,0.025,3.745913,38.049999,31.700001,1
2024-03-17,53.200001,0.0113,3.745913,38.0,31.299999,1
2024-03-18,53.900002,-0.013000000000000001,3.7497,38.099998,31.200001,0
2024-03-19,52.799999,-0.005600000000000001,3.745493,38.349998,31.1,1
2024-03-20,53.299999,-0.0265,3.745692,37.900002,31.4,0
2024-03-21,51.5,0.015600000000000001,3.745792,37.950001,31.25,0
2024-03-24,52.900002,-0.0038,3.745792,37.799999,31.25,1
2024-03-25,51.900002,-0.0269,3.746232,37.599998,31.200001,0
2024-03-26,50.400002,-0.011899999999999999,3.746055,37.5,30.9,0
2024-03-27,50.0,0.03,3.745938,36.900002,30.9,0
2024-03-28,51.599998,-0.0194,3.746052,37.0,30.950001,0
